[{"url": "https://github.com/MoonshineSG/OctoPrint-ActiveFilters", "name": "Active Filters", "key": "active_filters"}, {"url": "https://github.com/markwal/OctoPrint-PortLister", "name": "PortLister", "key": "portlister"}, {"url": "https://github.com/jasiek/OctoPrint-Cost", "name": "Cost Plugin", "key": "cost"}, {"url": "https://github.com/Salandora/OctoPrint-SystemCommandEditor", "name": "System Command Editor", "key": "systemcommandeditor"}, {"url": "https://github.com/OctoPrint/OctoPrint-Yamlpatcher", "name": "Yamlpatcher", "key": "yamlpatcher"}, {"url": "https://github.com/bq/OctoPrint-AppCompanion", "name": "BQ Android App Companion", "key": "bqappcompanion"}, {"url": "https://github.com/OctoPrint/OctoPrint-RequestSpinner", "name": "RequestSpinner", "key": "requestspinner"}, {"url": "https://github.com/Salandora/octoprint-customControl", "name": "Custom Control Editor", "key": "customControl"}, {"url": "https://github.com/markwal/OctoPrint-ScreenSquish", "name": "ScreenSquish", "key": "ScreenSquish"}, {"url": "https://github.com/BillyBlaze/OctoPrint-TouchUI", "name": "TouchUI", "key": "touchui"}, {"url": "https://github.com/amsbr/OctoPrint-EEprom-Marlin", "name": "EEPROM Marlin Editor Plugin", "key": "eeprom_marlin"}]