[{"date": "2017-05-16 10:30:00 +0000", "text": "Version 0.2.0 of this plugin is available, but your version 0.1.0 does not yet support updating automatically. Please re-install the plugin from the repository to update. More details can be found at the \"Read more...\" link below.", "versions": ["0.1.0"], "link": "https://github.com/OctoPrint/OctoPrint-Autoselect/releases/tag/0.2.0", "plugin": "autoselect"}, {"date": "2020-03-18 10:00:00 +0000", "text": "This plugin is not compatible to OctoPrint versions 1.4.0 and above and the author has sadly stopped maintaining it. You might want to take over maintenance, if you rely on it and are able to do so.", "link": "https://github.com/OctoPrint/plugins.octoprint.org/issues/411", "plugin": "m33fio"}, {"date": "2020-04-21 08:30:00 +0000", "text": "Some users are experiencing layer shifts that seem to be caused by this plugin. If this affects you, please disable it for now and follow the discussion found at the \"Read more...\" link below.", "versions": ["1.17.0", "1.18.0", "1.19.0", "1.19.1", "1.20.0"], "link": "https://github.com/OllisGit/OctoPrint-DisplayLayerProgress/issues/124", "plugin": "DisplayLayerProgress"}]