{
    "40x40_carrier.0008.print_Zmotor2.gcode": {
        "statistics": {
            "averagePrintTime": {},
            "lastPrintTime": {}
        },
        "hash": "725b2aa2b0bea6d9b2ebc1ff196c95daa58c65cd",
        "analysis": {
            "estimatedPrintTime": 12508.19780502884,
            "printingArea": {
                "maxZ": 50.0,
                "maxX": 132.946,
                "maxY": 248.946,
                "minX": 67.054,
                "minY": 151.054,
                "minZ": 0.25
            },
            "dimensions": {
                "width": 65.892,
                "depth": 97.892,
                "height": 49.75
            },
            "filament": {
                "tool0": {
                    "volume": 55.89990688265221,
                    "length": 7908.219110000677
                }
            }
        },
        "history": [
            {
                "timestamp": 1587527265.87589,
                "printerProfile": "hbot",
                "success": false
            }
        ]
    },
    "40x40_carrier.0019.print_Zcarrier3.gcode": {
        "hash": "4f3dc9f862d4c5bfaaeaf97102d6924a9bd2bbdc",
        "analysis": {
            "estimatedPrintTime": 11871.795280376764,
            "printingArea": {
                "maxZ": 30.0,
                "minX": 52.554,
                "maxX": 147.445,
                "maxY": 268.937,
                "minY": 131.054,
                "minZ": 0.25
            },
            "dimensions": {
                "width": 94.89099999999999,
                "depth": 137.883,
                "height": 29.75
            },
            "filament": {
                "tool0": {
                    "volume": 85.5740375804305,
                    "length": 12106.249850006336
                }
            }
        }
    }
}