[{"url": "https://framagit.org/razer/Octoprint_ABL_Expert", "name": "ABL Expert Plugin", "key": "ABL_Expert"}, {"url": "https://github.com/malnvenshorn/OctoPrint-WebcamTab", "name": "Webcam Tab", "key": "webcamtab"}, {"url": "https://github.com/b-morgan/OctoPrint-FanSpeedMirror", "name": "Fan Speed Mirror", "key": "FanSpeedMirror"}, {"url": "https://github.com/jneilliii/OctoPrint-BedLevelVisualizer", "name": "Bed Visualizer", "key": "bedlevelvisualizer"}, {"url": "https://github.com/kantlivelong/OctoPrint-GCodeSystemCommands", "name": "GCODE System Commands", "key": "gcodesystemcommands"}, {"url": "https://github.com/Salandora/octoprint-customControl", "name": "Custom Control Editor", "key": "customControl"}, {"url": "https://github.com/adilinden-oss/octoprint-webcamstreamer", "name": "WebcamStreamer Plugin", "key": "webcamstreamer"}, {"url": "https://github.com/amsbr/OctoPrint-EEprom-Marlin", "name": "EEPROM Marlin Editor Plugin", "key": "eeprom_marlin"}]